Workbook

Sheet AttackCard
A1: CardNo | B1: Name | C1: Grade | D1: Type | E1: Race | F1: MinAtk | G1: MaxAtk | H1: Image | I1: CardSeries
A2: mstz-0001 | B2: 토마토 | C2: Common | D2: PAPER | E2: PROTOSS | F2: 8 | G2: 14 | H2: =A2&".png" -> mstz-0001.png | I2: s1
A3: mstz-0002 | B3: 임조이 | C3: Common | D3: SCISSOR | E3: ZERG | F3: 8 | G3: 14 | H3: =A3&".png" -> mstz-0002.png | I3: s1
A4: mstz-0003 | B4: 치리 | C4: Common | D4: SCISSOR | E4: ZERG | F4: 8 | G4: 14 | H4: =A4&".png" -> mstz-0003.png | I4: s1
A5: mstz-0004 | B5: 진땅콩 | C5: Common | D5: PAPER | E5: PROTOSS | F5: 8 | G5: 14 | H5: =A5&".png" -> mstz-0004.png | I5: s1
A6: mstz-0005 | B6: 주하랑 | C6: Common | D6: PAPER | E6: PROTOSS | F6: 8 | G6: 14 | H6: =A6&".png" -> mstz-0005.png | I6: s1
A7: mstz-0006 | B7: 햇살 | C7: Common | D7: ROCK | E7: TERRAN | F7: 8 | G7: 14 | H7: =A7&".png" -> mstz-0006.png | I7: s1
A8: mstz-0007 | B8: 소주양 | C8: Common | D8: ROCK | E8: TERRAN | F8: 8 | G8: 14 | H8: =A8&".png" -> mstz-0007.png | I8: s1
A9: mstz-0008 | B9: 먼진 | C9: Common | D9: SCISSOR | E9: ZERG | F9: 8 | G9: 14 | H9: =A9&".png" -> mstz-0008.png | I9: s1
A10: mstz-0009 | B10: 비타밍 | C10: Common | D10: ROCK | E10: TERRAN | F10: 8 | G10: 14 | H10: =A10&".png" -> mstz-0009.png | I10: s1
A11: mstz-0010 | B11: 지두두 | C11: Common | D11: ROCK | E11: TERRAN | F11: 8 | G11: 14 | H11: =A11&".png" -> mstz-0010.png | I11: s1
A12: mstz-0011 | B12: 아리송이 | C12: Common | D12: PAPER | E12: PROTOSS | F12: 8 | G12: 14 | H12: =A12&".png" -> mstz-0011.png | I12: s1
A13: mstz-0012 | B13: 찌킹 | C13: Common | D13: SCISSOR | E13: ZERG | F13: 8 | G13: 14 | H13: =A13&".png" -> mstz-0012.png | I13: s1
... A57: mstz-0056 | B57: 김윤환 | C57: SuperRare | D57: SCISSOR | E57: ZERG | F57: 28 | G57: 35 | H57: =A57&".png" -> mstz-0056.png | I57: s1

Sheet BuffCard
A1: CardNo | B1: CardName | C1: Type | D1: Grade | E1: EffectCode | F1: Value1 | G1: Value2 | H1: Image | I1: Description | J1: Description2
A2: mstz-0057 | B2: 스팀팩 | C2: ATTACK | D2: Common | E2: ATK_UP | F2: 10 | H2: =A2&".png" -> mstz-0057.png | I2: 이번 턴에서 내 카드가 가위바위보 승리 시, 카드의 공격력을 +10 합니다. | J2: 이번 턴 승리 시 공격력 +10
A3: mstz-0058 | B3: 힐 | C3: DEFENSE | D3: Common | E3: HEAL_HP | F3: 15 | H3: =A3&".png" -> mstz-0058.png | I3: 내 HP를 +15 회복합니다. | J3: HP +15
A4: mstz-0059 | B4: 디펜시브 매트릭스 | C4: DEFENSE | D4: Common | E4: DAMAGE_REDUCE | F4: 10 | H4: =A4&".png" -> mstz-0059.png | I4: 이번 턴의 피해가 -10 감소합니다. | J4: 모든 피해 10 감소
A5: mstz-0060 | B5: EMP | C5: CONTROL | D5: Uncommon | E5: NULLIFY_ALL | H5: =A5&".png" -> mstz-0060.png | I5: 현재 적용된 상대 버프 카드를 모두 무효화합니다. | J5: 상대 버프 전체 무효
A6: mstz-0061 | B6: 락다운 | C6: CONTROL | D6: Uncommon | E6: NEXT_BUFF_NULLIFY | H6: =A6&".png" -> mstz-0061.png | I6: 다음 턴의 상대 버프 카드를 무효화합니다. | J6: 다음 슬롯 버프 무효
A7: mstz-0062 | B7: 사이오닉 스톰 | C7: ATTACK | D7: Uncommon | E7: BONUS_DAMAGE | F7: 15 | H7: =A7&".png" -> mstz-0062.png | I7: 카드 공격 외에 +15의 추가 피해를 입힙니다. | J7: 추가 피해 15
A8: mstz-0063 | B8: 마인드 컨트롤 | C8: CONTROL | D8: Uncommon | E8: COPY_BUFF | H8: =A8&".png" -> mstz-0063.png | I8: 이번 턴의 상대 버프 효과를 자신에게 적용합니다. | J8: 상대 버프 효과 복사
A9: mstz-0064 | B9: 버로우 | C9: DEFENSE | D9: Uncommon | E9: IMMUNE_ATTACK | H9: =A9&".png" -> mstz-0064.png | I9: 이번 턴의 상대 카드의 공격을 무효화합니다. | J9: 공격 피해 무효
A10: mstz-0065 | B10: 다크 스웜 | C10: DEFENSE | D10: Uncommon | E10: IMMUNE_ALL | H10: =A10&".png" -> mstz-0065.png | I10: 이번 턴의 모든 피해가 무효화됩니다. | J10: 모든 피해 무효
A11: mstz-0066 | B11: 아드레날린 | C11: ATTACK | D11: Uncommon | E11: ATK_X2 | F11: 2 | H11: =A11&".png" -> mstz-0066.png | I11: 이번 턴에서 내 카드가 가위바위보 승리 시 카드의 공격력이 2배가 됩니다. | J11: 공격력 2배
A12: mstz-0067 | B12: 브루들링 | C12: CONTROL | D12: Uncommon | E12: REMOVE_BUFF | F12: 1 | H12: =A12&".png" -> mstz-0067.png | I12: 배치된 상대 버프 카드 중 1장을 랜덤으로 제거합니다. | J12: 버프 1장 제거
A13: mstz-0068 | B13: 피드백 | C13: ATTACK | D13: Uncommon | E13: REFLECT_ATTACK | H13: =A13&".png" -> mstz-0068.png | I13: 상대 카드의 공격력이 내 카드의 공격력만큼 감소합니다. | J13: 내 공격력만큼 피해 감소
A14: mstz-0069 | B14: 야마토포 | C14: ATTACK | D14: Rare | E14: BONUS_DAMAGE | F14: 30 | H14: =A14&".png" -> mstz-0069.png | I14: 이번 턴에서 내 카드가 가위바위보 승리 시, 카드 공격 외에 +30의 피해를 입힙니다. | J14: 추가 피해 30
A15: mstz-0070 | B15: 스테이시스 필드 | C15: SPECIAL | D15: Rare | E15: SKIP_NEXT_SLOT | H15: =A15&".png" -> mstz-0070.png | I15: 다음 턴을 진행하지 않고 패스합니다. | J15: 다음 슬롯 생략
A16: mstz-0071 | B16: 스파이더마인 | C16: CONTROL | D16: Rare | E16: RANDOM_DOUBLE_HALF | H16: =A16&".png" -> mstz-0071.png | I16: 50%의 확률로 카드의 공격력이 2배로 증가, 또는 공격력이 절반으로 감소합니다. | J16: 공격력 2배 또는 절반
A17: mstz-0073 | B17: Terran Theme | C17: FIELD | D17: Rare | E17: ROCK_BUFF | F17: 5 | H17: =A17&".png" -> mstz-0073.png | I17: 모든 [바위] 카드의 공격력이 +5 증가합니다. 이 효과는 계속 유지됩니다. | J17: 바위 공격력 +5
A18: mstz-0074 | B18: Zerg Theme | C18: FIELD | D18: Rare | E18: SCISSOR_BUFF | F18: 5 | H18: =A18&".png" -> mstz-0074.png | I18: 모든 [가위] 카드의 공격력이 +5 증가합니다. 이 효과는 계속 유지됩니다. | J18: 가위 공격력 +5
A19: mstz-0072 | B19: Protoss Theme | C19: FIELD | D19: Rare | E19: PAPER_BUFF | F19: 5 | H19: =A19&".png" -> mstz-0072.png | I19: 모든 [보] 카드의 공격력이 +5 증가합니다. 이 효과는 계속 유지됩니다. | J19: 보 공격력 +5
A20: mstz-0075 | B20: 핵 공격 | C20: ATTACK | D20: SuperRare | E20: DELAY_DAMAGE | F20: 40 | H20: =A20&".png" -> mstz-0075.png | I20: 다음 턴에서 가위바위보 승리 시, 그 다음 턴에서 상대의 HP가 -40 감소합니다. | J20: 다음 승리 후 40 피해
A21: mstz-0076 | B21: 플레이그 | C21: ATTACK | D21: SuperRare | E21: HP_PERCENT_DAMAGE | F21: 20 | H21: =A21&".png" -> mstz-0076.png | I21: 상대의 HP가 20% 감소합니다. | J21: 현재 HP 20% 감소
A22: mstz-0077 | B22: 마엘스트롬 | C22: SPECIAL | D22: SuperRare | E22: RPS_REVERSE | H22: =A22&".png" -> mstz-0077.png | I22: 가위바위보 상성을 반전합니다. 이 효과는 계속 유지됩니다. | J22: 상성 반전
A23: mstz-0078 | B23: 컨슘 | C23: SPECIAL | D23: SuperRare | E23: COMBINE_ATTACK | H23: =A23&".png" -> mstz-0078.png | I23: 이번 턴에서 가위바위보를 승리한 카드의 공격력은 두 카드의 공격력의 합이 됩니다. | J23: 두 카드 공격력 합산

Sheet EffectCode
A1: EffectID | B1: EffectCode | C1: Category | D1: Grade | E1: EffectName | F1: Target | G1: Description
A2: E001 | B2: ATK_UP | C2: =INDEX(BuffCard!$C$2:$C$999,MATCH(EffectCode!B2,BuffCard!$E$2:$E$999,0)) -> ATTACK | D2: =INDEX(BuffCard!$D$2:$D$999,MATCH(B2,BuffCard!$E$2:$E$999,0)) -> Common | E2: 공격력 증가 | F2: O
A3: E002 | B3: HEAL_HP | C3: =INDEX(BuffCard!$C$2:$C$999,MATCH(EffectCode!B3,BuffCard!$E$2:$E$999,0)) -> DEFENSE | D3: =INDEX(BuffCard!$D$2:$D$999,MATCH(B3,BuffCard!$E$2:$E$999,0)) -> Common | E3: HP 회복 | F3: O
A4: E003 | B4: DAMAGE_REDUCE | C4: =INDEX(BuffCard!$C$2:$C$999,MATCH(EffectCode!B4,BuffCard!$E$2:$E$999,0)) -> DEFENSE | D4: =INDEX(BuffCard!$D$2:$D$999,MATCH(B4,BuffCard!$E$2:$E$999,0)) -> Common | E4: 피해 감소 | F4: O
A5: E004 | B5: NULLIFY_ALL | C5: =INDEX(BuffCard!$C$2:$C$999,MATCH(EffectCode!B5,BuffCard!$E$2:$E$999,0)) -> CONTROL | D5: =INDEX(BuffCard!$D$2:$D$999,MATCH(B5,BuffCard!$E$2:$E$999,0)) -> Uncommon | E5: 상대 버프 전체 무효 | F5: X
A6: E005 | B6: NEXT_BUFF_NULLIFY | C6: =INDEX(BuffCard!$C$2:$C$999,MATCH(EffectCode!B6,BuffCard!$E$2:$E$999,0)) -> CONTROL | D6: =INDEX(BuffCard!$D$2:$D$999,MATCH(B6,BuffCard!$E$2:$E$999,0)) -> Uncommon | E6: 다음 슬롯 버프 무효 | F6: X
A7: E006 | B7: BONUS_DAMAGE | C7: =INDEX(BuffCard!$C$2:$C$999,MATCH(EffectCode!B7,BuffCard!$E$2:$E$999,0)) -> ATTACK | D7: =INDEX(BuffCard!$D$2:$D$999,MATCH(B7,BuffCard!$E$2:$E$999,0)) -> Uncommon | E7: 추가 피해 | F7: O
A8: E007 | B8: COPY_BUFF | C8: =INDEX(BuffCard!$C$2:$C$999,MATCH(EffectCode!B8,BuffCard!$E$2:$E$999,0)) -> CONTROL | D8: =INDEX(BuffCard!$D$2:$D$999,MATCH(B8,BuffCard!$E$2:$E$999,0)) -> Uncommon | E8: 상대 버프 복사 | F8: X
A9: E008 | B9: IMMUNE_ATTACK | C9: =INDEX(BuffCard!$C$2:$C$999,MATCH(EffectCode!B9,BuffCard!$E$2:$E$999,0)) -> DEFENSE | D9: =INDEX(BuffCard!$D$2:$D$999,MATCH(B9,BuffCard!$E$2:$E$999,0)) -> Uncommon | E9: 공격 피해 무효 | F9: X
A10: E009 | B10: IMMUNE_ALL | C10: =INDEX(BuffCard!$C$2:$C$999,MATCH(EffectCode!B10,BuffCard!$E$2:$E$999,0)) -> DEFENSE | D10: =INDEX(BuffCard!$D$2:$D$999,MATCH(B10,BuffCard!$E$2:$E$999,0)) -> Uncommon | E10: 모든 피해 무효 | F10: X
A11: E010 | B11: ATK_X2 | C11: =INDEX(BuffCard!$C$2:$C$999,MATCH(EffectCode!B11,BuffCard!$E$2:$E$999,0)) -> ATTACK | D11: =INDEX(BuffCard!$D$2:$D$999,MATCH(B11,BuffCard!$E$2:$E$999,0)) -> Uncommon | E11: 공격력 2배 | F11: O
A12: E011 | B12: REMOVE_BUFF | C12: =INDEX(BuffCard!$C$2:$C$999,MATCH(EffectCode!B12,BuffCard!$E$2:$E$999,0)) -> CONTROL | D12: =INDEX(BuffCard!$D$2:$D$999,MATCH(B12,BuffCard!$E$2:$E$999,0)) -> Uncommon | E12: 버프 제거 | F12: O
A13: E012 | B13: REFLECT_ATTACK | C13: =INDEX(BuffCard!$C$2:$C$999,MATCH(EffectCode!B13,BuffCard!$E$2:$E$999,0)) -> ATTACK | D13: =INDEX(BuffCard!$D$2:$D$999,MATCH(B13,BuffCard!$E$2:$E$999,0)) -> Uncommon | E13: 공격력만큼 피해 | F13: X
... A22: E021 | B22: COMBINE_ATTACK | C22: =INDEX(BuffCard!$C$2:$C$999,MATCH(EffectCode!B22,BuffCard!$E$2:$E$999,0)) -> SPECIAL | D22: =INDEX(BuffCard!$D$2:$D$999,MATCH(B22,BuffCard!$E$2:$E$999,0)) -> SuperRare | E22: 공격력 합산 | F22: X

Sheet Probability
A1: Grade | B1: Probability
A2: Common | B2: 55
A3: Uncommon | B3: 25
A4: Rare | B4: 15
A5: SuperRare | B5: 5

Sheet GameConfig
A1: Key | B1: Value | C1: 설명
A2: START_HP | B2: 100 | C2: 시작 HP
A3: MAX_ROUND | B3: 3 | C3: 최대 라운드 수
A4: TURN_PER_ROUND | B4: 5 | C4: 한 라운드당 진행 턴 수
A5: ATTACK_DRAW | B5: 7 | C5: 라운드 시작 전 드로우할 가위바위보 카드 수
A6: BUFF_DRAW | B6: 3 | C6: 라운드 시작 전 드로우할 버프 카드 수
A7: FIELD_SLOT | B7: 5 | C7: 가위바위보 카드를 배치할 슬롯 수
A8: BUFF_SLOT | B8: 5 | C8: 버프카드를 배치할 수 있는 슬롯 수
A9: MAX_BUFF_SLOT | B9: 3 | C9: 한 라운드에 실제 배치 가능한 버프카드 수
A10: WIN_CONDITION | B10: HP_ZERO | C10: 상대 HP가 0 이하가 되면 즉시 승리
A11: FINAL_WIN_CONDITION | B11: HIGHER_HP | C11: 3라운드 종료 후 양쪽 HP가 남아 있으면 HP가 높은 쪽 승리
